id;title;contact_name;contact_number;description
1;reciprocal payment;Kuwait;Belize Dollar compressing Handcrafted;Rhode Island Administrator compressing
2;array;foreground strategy Metrics;Money Market Account invoice;Grocery
3;capacitor Handcrafted Rubber Car;iterate;PNG Avon Auto Loan Account;global Springs Checking Account
4;superstructure parsing Ergonomic;Maine uniform index;Home Loan Account Corporate;Wooden
5;Associate Solomon Islands Dollar;Savings Account Mouse back-end;Mill Ergonomic online;Handmade
6;Handcrafted Plastic Salad Idaho;Branding parsing;orange;copying
7;Gibraltar regional;Chair Via;Interactions Bike;payment
8;Borders;Forward overriding Product;Avon global;Electronics
9;Automotive Music dynamic;analyzing;Pants;distributed sexy Gorgeous
10;National Nicaragua Cambridgeshire;Cotton;Director optical COM;Licensed invoice Supervisor
